{"cameraMode":{"drawMode":0,"name":"Shaded","section":"Shading Mode"},"sceneLighting":true,"audioPlay":false,"sceneViewState":{"showFog":true,"showMaterialUpdate":false,"showSkybox":true,"showFlares":true,"showImageEffects":true,"showParticleSystems":true},"in2DMode":false,"pivot":{"x":4.644493103027344,"y":-19.117992401123048,"z":101.75579071044922},"rotation":{"x":0.12401743233203888,"y":0.05058382451534271,"z":-0.006330349948257208,"w":0.9909712672233582},"size":172.3775634765625,"orthographic":false}