{"cameraMode":{"drawMode":0,"name":"Shaded","section":"Shading Mode"},"sceneLighting":false,"audioPlay":false,"sceneViewState":{"showFog":true,"showMaterialUpdate":false,"showSkybox":false,"showFlares":true,"showImageEffects":true,"showParticleSystems":true},"in2DMode":false,"pivot":{"x":-9.734121322631836,"y":1.383288860321045,"z":8.701347351074219},"rotation":{"x":0.0002572406083345413,"y":0.9997416734695435,"z":-0.016806958243250848,"w":0.0152980275452137},"size":7.533633708953857,"orthographic":false}